email,first_name,last_name
tdanjoie0@apple.com,Tova,Danjoie
mcorrea1@tiny.cc,Margy,Correa
sjiras2@theguardian.com,Sherilyn,Jiras
tmacpharlain3@cdbaby.com,Tarrah,MacPharlain
eiliff4@boston.com,Edna,Iliff
dcolnett5@mediafire.com,Denys,Colnett
pgayter6@nationalgeographic.com,Philipa,Gayter
ebowmen7@slate.com,Erastus,Bowmen
acullnean8@mayoclinic.com,Alisander,Cullnean
jchandler9@xing.com,Jermain,Chandler
jizachika@huffingtonpost.com,Johny,Izachik
caickenb@sun.com,Con,Aicken
aboync@w3.org,Alaric,Boyn
hdurrand@taobao.com,Huntley,Durran
sscalerae@google.com.au,Sergio,Scalera
pmutterf@webmd.com,Pancho,Mutter
pcrellimg@weather.com,Piggy,Crellim
keastabrookh@gov.uk,Katy,Eastabrook
aguerrii@howstuffworks.com,Augustus,Guerri
ranyenej@apache.org,Rani,Anyene
amccambridgek@blogspot.com,Alanah,McCambridge
jzanittil@harvard.edu,Jeana,Zanitti
ahamnerm@cornell.edu,Abdel,Hamner
ksurgeyn@amazon.de,Kinna,Surgey
jveroniqueo@infoseek.co.jp,Jozef,Veronique
cfaraharp@webmd.com,Chane,Farahar
bstanwayq@independent.co.uk,Barty,Stanway
atitcombr@washington.edu,Arni,Titcomb
rraggitts@home.pl,Reinaldos,Raggitt
lkoppenst@uiuc.edu,Lawton,Koppens
hgoranovu@multiply.com,Herby,Goranov
wmackriellv@loc.gov,Winston,Mackriell
etiplerw@privacy.gov.au,Ernie,Tipler
clarretx@google.de,Constance,Larret
sserrailliery@sphinn.com,Scarface,Serraillier
yosculleyz@slideshare.net,Yardley,O'Sculley
bdonise10@shinystat.com,Billie,D'Onise
lwem11@last.fm,Law,Wem
ngymlett12@samsung.com,Nathaniel,Gymlett
csimmens13@cloudflare.com,Craig,Simmens
dforsythe14@intel.com,Dianne,Forsythe
nspenclay15@google.it,Niall,Spenclay
lvenny16@elegantthemes.com,Lexine,Venny
dcoath17@umich.edu,Dyane,Coath
jstead18@telegraph.co.uk,Jacintha,Stead
jhatt19@sbwire.com,Josie,Hatt
sstruss1a@youtu.be,Sayre,Struss
dkasher1b@amazon.de,Dino,Kasher
ndobie1c@printfriendly.com,Nonna,Dobie
cmcgookin1d@wired.com,Chris,McGookin
fworvell1e@oaic.gov.au,Fair,Worvell
cmoyse1f@house.gov,Cybill,Moyse
slillegard1g@intel.com,Sherman,Lillegard
opriestland1h@ucsd.edu,Orelia,Priestland
yrodgerson1i@cocolog-nifty.com,Yancy,Rodgerson
lpauls1j@addthis.com,Linell,Pauls
mraunds1k@wired.com,Mead,Raunds
xberntsson1l@msu.edu,Xerxes,Berntsson
sluesley1m@discovery.com,Shae,Luesley
thotchkin1n@latimes.com,Tove,Hotchkin
lheamus1o@google.co.jp,Lindsy,Heamus
efanti1p@nih.gov,Erastus,Fanti
nadamczyk1q@yandex.ru,Nana,Adamczyk
ccatlow1r@eepurl.com,Cosme,Catlow
amacguire1s@t.co,Ave,Macguire
bdowears1t@dropbox.com,Brion,Dowears
gbromont1u@harvard.edu,Gregor,Bromont
mshimwall1v@wordpress.com,Meta,Shimwall
nsweatland1w@theguardian.com,Nathanial,Sweatland
nbus1x@free.fr,Nichol,Bus
dhamlet1y@independent.co.uk,Darell,Hamlet
tbussell1z@harvard.edu,Tudor,Bussell
mshorland20@csmonitor.com,Mackenzie,Shorland
aelie21@networkadvertising.org,Abdul,Elie
dunderdown22@sciencedaily.com,Delores,Underdown
holyet23@epa.gov,Hildy,Olyet
ocapnor24@a8.net,Onfroi,Capnor
bcardall25@cnn.com,Boigie,Cardall
jkneale26@mozilla.com,Joelie,Kneale
ndoxey27@digg.com,Natty,Doxey
aholbie28@imdb.com,Amata,Holbie
cdraisey29@nytimes.com,Corney,Draisey
bputman2a@yale.edu,Bond,Putman
cleckie2b@admin.ch,Cherin,Leckie
jatter2c@go.com,Janine,Atter
jaxelbey2d@eepurl.com,Jasen,Axelbey
tyanshin2e@businessinsider.com,Tine,Yanshin
bveitch2f@earthlink.net,Bradly,Veitch
psherer2g@privacy.gov.au,Philip,Sherer
esteers2h@issuu.com,Eba,Steers
wpasmore2i@marketwatch.com,Wilmar,Pasmore
vkellart2j@answers.com,Vassili,Kellart
fflear2k@wp.com,Flor,Flear
fiwanicki2l@cdc.gov,Fonzie,Iwanicki
ytreleaven2m@wunderground.com,Yancey,Treleaven
mpapez2n@ucoz.ru,Marius,Papez
breddan2o@ovh.net,Burgess,Reddan
gcampione2p@latimes.com,Giselbert,Campione
chalpeine2q@freewebs.com,Claire,Halpeine
gcroom2r@w3.org,Gert,Croom
ewilliam2s@drupal.org,Ebeneser,William
lbrogan2t@vistaprint.com,Leonid,Brogan
cmethringham2u@phoca.cz,Chaddy,Methringham
kdrohun2v@360.cn,Kaila,Drohun
thenriet2w@edublogs.org,Teddie,Henriet
ksaffell2x@nasa.gov,Kaitlyn,Saffell
hburkett2y@imageshack.us,Haily,Burkett
slukehurst2z@si.edu,Samara,Lukehurst
egoodey30@mysql.com,Elroy,Goodey
kbalaisot31@google.cn,Kylila,Balaisot
nponton32@comsenz.com,Noel,Ponton
acelle33@typepad.com,Annnora,Celle
srugiero34@wunderground.com,Sheffield,Rugiero
hkencott35@ted.com,Hernando,Kencott
ubelson36@hhs.gov,Ula,Belson
dmurley37@reuters.com,Daren,Murley
asoltan38@noaa.gov,Adella,Soltan
lmebes39@domainmarket.com,Loretta,Mebes
mroke3a@github.io,Melessa,Roke
ttreble3b@google.es,Talyah,Treble
lbowker3c@blogspot.com,Lynde,Bowker
btrassler3d@blogtalkradio.com,Broderick,Trassler
dpow3e@sitemeter.com,Davita,Pow
jlemerie3f@salon.com,Joannes,Lemerie
nmathie3g@indiatimes.com,Nick,Mathie
hjansik3h@cnbc.com,Halimeda,Jansik
sjannasch3i@guardian.co.uk,Sonya,Jannasch
eliffey3j@example.com,Estelle,Liffey
crivaland3k@usnews.com,Charleen,Rivaland
hedmons3l@dot.gov,Halimeda,Edmons
apatton3m@wikia.com,Antonin,Patton
eosuaird3n@google.com.br,Euphemia,O'Suaird
lmoreinis3o@sourceforge.net,Lane,Moreinis
lmac3p@csmonitor.com,Lucine,Mac
wbaudacci3q@house.gov,Winona,Baudacci
wmyring3r@google.pl,Winni,Myring
vstarzaker3s@bluehost.com,Viole,Starzaker
egreggersen3t@nhs.uk,Emmi,Greggersen
pgutans3u@seesaa.net,Phebe,Gutans
kpeckett3v@nationalgeographic.com,Kassey,Peckett
cmaldin3w@pinterest.com,Cathleen,Maldin
loflaherty3x@google.cn,Lottie,O'Flaherty
fberdale3y@dell.com,Farlay,Berdale
agayle3z@tripod.com,Atlante,Gayle
lklimp40@toplist.cz,Lynsey,Klimp
mlambertson41@tumblr.com,Marylou,Lambertson
enelson42@youku.com,Esteban,Nelson
dmatthews43@geocities.com,Der,Matthews
gfiney44@elpais.com,Gamaliel,Finey
sfazackerley45@wunderground.com,Simonne,Fazackerley
hkemer46@miibeian.gov.cn,Harry,Kemer
cmalinowski47@bandcamp.com,Carlina,Malinowski
hlazar48@xrea.com,Hermine,Lazar
mcorro49@nsw.gov.au,May,Corro
begdal4a@cnet.com,Bidget,Egdal
arentilll4b@i2i.jp,Alexi,Rentilll
ibirdis4c@tuttocitta.it,Idalia,Birdis
chadgraft4d@skype.com,Constancy,Hadgraft
sbrisbane4e@nps.gov,Shirl,Brisbane
dperse4f@theguardian.com,Duane,Perse
bguiot4g@dell.com,Barny,Guiot
sgrissett4h@springer.com,Sophia,Grissett
cdadson4i@buzzfeed.com,Cathryn,Dadson
bantoniewski4j@jalbum.net,Bran,Antoniewski
choofe4k@earthlink.net,Codie,Hoofe
cespin4l@ezinearticles.com,Cristian,Espin
abowshire4m@prlog.org,Almeta,Bowshire
bdudill4n@archive.org,Bev,Dudill
ihenken4o@wordpress.com,Ive,Henken
ajaze4p@theguardian.com,Alaric,Jaze
flindelof4q@army.mil,Fons,Lindelof
blung4r@statcounter.com,Brunhilde,Lung
ltrahearn4s@home.pl,Lois,Trahearn
ecassely4t@fastcompany.com,Emylee,Cassely
estringer4u@gov.uk,Evvy,Stringer
flismore4v@bbc.co.uk,Franky,Lismore
ekillock4w@yolasite.com,Emera,Killock
ngrimwade4x@delicious.com,Natalie,Grimwade
fcranch4y@yale.edu,Felicity,Cranch
pdelaspee4z@dot.gov,Peria,De Laspee
rcosbee50@epa.gov,Rudolph,Cosbee
jricold51@uiuc.edu,Justus,Ricold
lbagg52@comcast.net,Locke,Bagg
jwillox53@php.net,Jobina,Willox
cohartnett54@infoseek.co.jp,Corinna,O'Hartnett
vostick55@prlog.org,Valli,Ostick
awaliszek56@cornell.edu,Angelina,Waliszek
fosborne57@mayoclinic.com,Feliks,Osborne
fjoss58@netvibes.com,Felipe,Joss
fdodridge59@fotki.com,Fae,Dodridge
amacias5a@youku.com,Alexei,Macias
bbonehill5b@technorati.com,Babbie,Bonehill
mpachta5c@pinterest.com,Magdalen,Pachta
fbonevant5d@com.com,Falito,Bonevant
itucsell5e@ucla.edu,Irving,Tucsell
agledhall5f@wiley.com,Agnesse,Gledhall
atweede5g@cmu.edu,Alden,Tweede
hmcgreay5h@sakura.ne.jp,Helyn,McGreay
hhulson5i@naver.com,Hamel,Hulson
sslegg5j@mapy.cz,Sherilyn,Slegg
kpechet5k@shinystat.com,Kevan,Pechet
dbeechcraft5l@google.es,Dorita,Beechcraft
bspinola5m@blogger.com,Blinni,Spinola
nmcshea5n@domainmarket.com,Natasha,McShea
pkenforth5o@over-blog.com,Peria,Kenforth
bbaldacchi5p@mapquest.com,Bobine,Baldacchi
dyalden5q@statcounter.com,Denny,Yalden
hcocozza5r@whitehouse.gov,Harp,Cocozza
tsavoury5s@simplemachines.org,Tallie,Savoury
jdalziel5t@prnewswire.com,Jeane,Dalziel
ppowder5u@howstuffworks.com,Paul,Powder
cisland5v@instagram.com,Claiborne,Island
broget5w@instagram.com,Benita,Roget
somullan5x@altervista.org,Shandeigh,O' Mullan
ldorian5y@va.gov,Lorette,Dorian
aprior5z@stanford.edu,Ansley,Prior
ufitzsymon60@mozilla.com,Ulberto,Fitzsymon
kphilipart61@tamu.edu,Koo,Philipart
sbartalot62@cbslocal.com,Sallie,Bartalot
echarlin63@ameblo.jp,Emmaline,Charlin
gharmar64@360.cn,Gabriella,Harmar
bfurlow65@craigslist.org,Burgess,Furlow
ehorry66@nifty.com,Emmalyn,Horry
pbrunker67@alexa.com,Prent,Brunker
wdawltrey68@chronoengine.com,Willem,Dawltrey
odank69@samsung.com,Odella,Dank
tbegbie6a@senate.gov,Tildie,Begbie
snewlin6b@accuweather.com,Selle,Newlin
vcosterd6c@dion.ne.jp,Vere,Costerd
tinfantino6d@cdbaby.com,Tony,Infantino
fnaughton6e@sitemeter.com,Fidel,Naughton
lthornbarrow6f@moonfruit.com,Lucius,Thornbarrow
csherrard6g@yolasite.com,Corty,Sherrard
waries6h@etsy.com,Willabella,Aries
esherringham6i@cafepress.com,Evangelia,Sherringham
rchatres6j@privacy.gov.au,Reinaldo,Chatres
oimorts6k@sfgate.com,Octavia,Imorts
esoldi6l@myspace.com,Evangelia,Soldi
derratt6m@theguardian.com,Dyane,Erratt
gchitham6n@hud.gov,Georgie,Chitham
ldominec6o@webnode.com,Laurette,Dominec
dcenter6p@samsung.com,Donall,Center
calejo6q@apache.org,Cris,Alejo
svouls6r@elegantthemes.com,Shena,Vouls
nclaw6s@amazon.co.jp,Natale,Claw
fbarizeret6t@yellowpages.com,Florette,Barizeret
ewestgarth6u@cam.ac.uk,Ellynn,Westgarth
jhartil6v@netlog.com,Joelie,Hartil
asummerrell6w@google.de,Auroora,Summerrell
ccathro6x@digg.com,Cathrin,Cathro
avasiltsov6y@instagram.com,Ame,Vasiltsov
fleyshon6z@jalbum.net,Fran,Leyshon
asuddaby70@php.net,Ancell,Suddaby
fhache71@posterous.com,Frank,Hache
nredpath72@phpbb.com,Nissy,Redpath
dhugin73@google.ru,Danila,Hugin
msiddle74@people.com.cn,Mathilde,Siddle
twedge75@tuttocitta.it,Tracey,Wedge
lraitie76@usda.gov,Lee,Raitie
ngodthaab77@nature.com,Nikki,Godthaab
hpitcaithly78@ask.com,Herb,Pitcaithly
wtoner79@constantcontact.com,Wallis,Toner
mpilmoor7a@skyrock.com,Mathian,Pilmoor
mtrase7b@blog.com,Maryellen,Trase
scrop7c@pen.io,Sigfrid,Crop
rtipton7d@naver.com,Rudolfo,Tipton
cgianneschi7e@admin.ch,Crysta,Gianneschi
wcoytes7f@columbia.edu,Winnah,Coytes
polerenshaw7g@elpais.com,Paolo,Olerenshaw
gkener7h@smugmug.com,Gilberte,Kener
rgainfort7i@pcworld.com,Rickey,Gainfort
felcocks7j@dot.gov,Ferris,Elcocks
dabson7k@msn.com,Dorita,Abson
ewind7l@purevolume.com,Eveline,Wind
hdecaroli7m@go.com,Honoria,De Caroli
wvanderwalt7n@icq.com,Windham,Van Der Walt
mhann7o@deliciousdays.com,Marylou,Hann
rgrieveson7p@photobucket.com,Ravi,Grieveson
boluby7q@china.com.cn,Brennen,O'Luby
lroof7r@rediff.com,Lu,Roof
rzamorrano7s@jigsy.com,Rori,Zamorrano
fstobo7t@people.com.cn,Frazer,Stobo
tseemmonds7u@latimes.com,Terry,Seemmonds
douldcott7v@liveinternet.ru,Dacy,Ouldcott
rgirardey7w@topsy.com,Rickard,Girardey
mjeske7x@apache.org,Magdalen,Jeske
tissit7y@virginia.edu,Tomlin,Issit
kalphonso7z@nbcnews.com,Koral,Alphonso
wmargerrison80@mayoclinic.com,Wynne,Margerrison
ldriffield81@mail.ru,Lethia,Driffield
lmichurin82@123-reg.co.uk,Liza,Michurin
jduquesnay83@plala.or.jp,Josephine,Duquesnay
sgreatland84@edublogs.org,Sharai,Greatland
sgoatman85@usgs.gov,Steffane,Goatman
nbelbin86@flavors.me,Nanette,Belbin
ccampagne87@java.com,Craggie,Campagne
ltavinor88@gnu.org,Leonard,Tavinor
smccague89@cnbc.com,Selby,McCague
ccroan8a@printfriendly.com,Claudian,Croan
cculligan8b@chron.com,Constancia,Culligan
ygregan8c@i2i.jp,Yance,Gregan
cupstell8d@about.com,Codie,Upstell
smanns8e@amazon.de,Shermie,Manns
dheaphy8f@ed.gov,Douglas,Heaphy
pmcglaughn8g@netlog.com,Prue,McGlaughn
shoyt8h@nifty.com,Stephana,Hoyt
asickert8i@ucsd.edu,Alphonse,Sickert
gleblond8j@hao123.com,Grannie,Le Blond
fbrannan8k@ibm.com,Fritz,Brannan
fhow8l@deliciousdays.com,Ferdinand,How
ikendrew8m@mit.edu,Iona,Kendrew
ymcgettrick8n@ted.com,Yorgos,McGettrick
jmenault8o@addthis.com,Jonell,Menault
anavarijo8p@mapquest.com,Alley,Navarijo
jgoldstein8q@noaa.gov,Joshia,Goldstein
ddarree8r@etsy.com,Donelle,Darree
kthurstance8s@google.com.hk,Kasper,Thurstance
lmerton8t@tinyurl.com,Laurel,Merton
abreddy8u@angelfire.com,Augusta,Breddy
ecorday8v@canalblog.com,Eddy,Corday
bauthers8w@123-reg.co.uk,Bryant,Authers
bpardoe8x@hibu.com,Broddy,Pardoe
bfinding8y@com.com,Berk,Finding
cdowney8z@fema.gov,Cirstoforo,Downey
rharragin90@biglobe.ne.jp,Rosabella,Harragin
sleinweber91@guardian.co.uk,Sandye,Leinweber
kologhlen92@thetimes.co.uk,Kalindi,O'Loghlen
dbrient93@soundcloud.com,Doria,Brient
vchave94@state.gov,Vince,Chave
cstavers95@google.pl,Car,Stavers
fsherewood96@themeforest.net,Flynn,Sherewood
hspeariett97@comcast.net,Howie,Speariett
dstanislaw98@moonfruit.com,Duke,Stanislaw
drennicks99@ask.com,Dede,Rennicks
spidgeley9a@npr.org,Sallyanne,Pidgeley
whagstone9b@nhs.uk,Whitaker,Hagstone
warmytage9c@netscape.com,Ward,Armytage
lmingotti9d@wp.com,Lori,Mingotti
arickersy9e@t.co,Alejoa,Rickersy
olilburne9f@cbsnews.com,Olimpia,Lilburne
dbarrie9g@infoseek.co.jp,Diarmid,Barrie
kboor9h@freewebs.com,Kincaid,Boor
rgoering9i@hugedomains.com,Rosemarie,Goering
ylenihan9j@independent.co.uk,York,Lenihan
elampkin9k@vk.com,Erasmus,Lampkin
fcorneljes9l@sakura.ne.jp,Faber,Corneljes
bhaliburton9m@princeton.edu,Bibbye,Haliburton
wrive9n@biglobe.ne.jp,Wade,Rive
bgeerits9o@simplemachines.org,Brigid,Geerits
hgoody9p@businessinsider.com,Hermy,Goody
asheffield9q@vk.com,Adelheid,Sheffield
bduckerin9r@mail.ru,Bartholomeo,Duckerin
ipeevor9s@apple.com,Idalia,Peevor
sreubbens9t@vistaprint.com,Shelden,Reubbens
ibalharrie9u@sun.com,Isa,Balharrie
dmeritt9v@cornell.edu,Devlin,Meritt
mritchie9w@goo.ne.jp,Murdock,Ritchie
amuzzullo9x@histats.com,Agace,Muzzullo
ywoolger9y@buzzfeed.com,Yankee,Woolger
efisby9z@hud.gov,Emylee,Fisby
gbedsona0@amazon.co.uk,Glynis,Bedson
bstansella1@paypal.com,Brynna,Stansell
wjeskea2@scientificamerican.com,Waylon,Jeske
bwoolletta3@adobe.com,Berni,Woollett
zpawletta4@exblog.jp,Zeke,Pawlett
ltatlocka5@latimes.com,Lana,Tatlock
nrothmana6@jiathis.com,Noreen,Rothman
jlacostea7@slashdot.org,Jana,Lacoste
bughinia8@slate.com,Brendan,Ughini
fserginsona9@histats.com,Faydra,Serginson
gpolyeaa@mac.com,Gery,Polye
eandriab@wp.com,Ernestine,Andri
dliasac@yandex.ru,Demetre,Lias
eendonad@goo.ne.jp,Erskine,Endon
orakesae@mayoclinic.com,Obidiah,Rakes
mmagowanaf@amazon.co.jp,Maddalena,Magowan
rbritlandag@yolasite.com,Rab,Britland
mhugeah@nhs.uk,Melicent,Huge
pminichiai@businesswire.com,Patrica,Minichi
ctesmondaj@123-reg.co.uk,Chrissie,Tesmond
jjeppersonak@netscape.com,Jeralee,Jepperson
gscollandal@indiegogo.com,Gregoire,Scolland
lrubinoviciam@cam.ac.uk,Letisha,Rubinovici
vcouchan@xing.com,Velma,Couch
aivisonao@illinois.edu,Aindrea,Ivison
arawstronap@msu.edu,Archy,Rawstron
afollacaroaq@patch.com,Archambault,Follacaro
bstollsteinerar@nhs.uk,Barde,Stollsteiner
mhebditchas@e-recht24.de,Martguerita,Hebditch
gkarlemanat@ifeng.com,Godfrey,Karleman
sfuryau@hubpages.com,Saw,Fury
mmorseav@soup.io,Merry,Morse
hpinchingaw@plala.or.jp,Hillard,Pinching
lmccrystalax@washington.edu,Leta,McCrystal
vpudenay@un.org,Vick,Puden
ggrennanaz@pagesperso-orange.fr,Gery,Grennan
wreynoldsb0@dot.gov,Walliw,Reynolds
ityremanb1@amazon.co.jp,Isadore,Tyreman
wegdellb2@istockphoto.com,Weidar,Egdell
aplottb3@usatoday.com,Ashien,Plott
sfeldhammerb4@lycos.com,Sigvard,Feldhammer
vleereb5@opera.com,Vyky,Leere
ggonb6@smh.com.au,Giorgio,Gon
cpenhalurickb7@example.com,Cinda,Penhalurick
wgreaveb8@live.com,Wadsworth,Greave
mhawksleyb9@w3.org,Marcia,Hawksley
ggiannasiba@mozilla.com,Gerda,Giannasi
dolpinbb@creativecommons.org,Dougy,Olpin
nguilfordbc@i2i.jp,Nevil,Guilford
jearengeybd@google.co.jp,Jandy,Earengey
bbudleighbe@uol.com.br,Barnett,Budleigh
bcoggerbf@php.net,Brody,Cogger
shothersallbg@washingtonpost.com,Shandy,Hothersall
ssquirebh@bigcartel.com,Sarine,Squire
obourgetbi@yelp.com,Olivette,Bourget
ypetersonbj@livejournal.com,Yorgo,Peterson
dchildsbk@privacy.gov.au,Dominique,Childs
smcgawbl@si.edu,Shepard,McGaw
ehurllbm@i2i.jp,Edi,Hurll
ssavinebn@over-blog.com,Sheryl,Savine
myearnsleybo@bloglovin.com,Malvin,Yearnsley
jfrankcombbp@quantcast.com,Joyan,Frankcomb
cpalingbq@nsw.gov.au,Cathryn,Paling
lslineybr@shareasale.com,Lisabeth,Sliney
bharnettbs@unc.edu,Bay,Harnett
ibulfoybt@nps.gov,Irv,Bulfoy
ledlynebu@networkadvertising.org,Libbi,Edlyne
hfryebv@so-net.ne.jp,Harlie,Frye
prudolfbw@newsvine.com,Pattie,Rudolf
clarrawaybx@parallels.com,Camilla,Larraway
lriditchby@unblog.fr,Laney,Riditch
eketcherbz@google.cn,Eran,Ketcher
aofairyc0@ft.com,Adi,O'Fairy
plabesc1@example.com,Petey,Labes
bduckc2@constantcontact.com,Bellanca,Duck
byexleyc3@lycos.com,Bar,Yexley
gdagostinoc4@yolasite.com,Germaine,D'Agostino
rdowsc5@sciencedirect.com,Rosabelle,Dows
cdrawmerc6@behance.net,Creight,Drawmer
hphilsonc7@auda.org.au,Helli,Philson
aquenellc8@icq.com,Auberta,Quenell
bkinnonc9@g.co,Bess,Kinnon
cbrissardca@canalblog.com,Clarine,Brissard
lshutlecb@xrea.com,Laverna,Shutle
psilberschatzcc@webs.com,Port,Silberschatz
nevenscd@seesaa.net,Norma,Evens
baynscombece@homestead.com,Babara,Aynscombe
tshearmecf@cyberchimps.com,Tobey,Shearme
cmacneillycg@behance.net,Claudius,MacNeilly
dweedallch@dagondesign.com,Dan,Weedall
screwtherci@nationalgeographic.com,Shalne,Crewther
jsayercj@google.ru,Jaime,Sayer
ddutchburnck@odnoklassniki.ru,Diego,Dutchburn
rorpynecl@moonfruit.com,Ripley,Orpyne
gspinleycm@ezinearticles.com,Gale,Spinley
dattrydecn@seattletimes.com,Devi,Attryde
abeeresco@sfgate.com,Alyosha,Beeres
dmuldowniecp@reddit.com,Derward,Muldownie
eswiffincq@macromedia.com,Estella,Swiffin
chousegoecr@ed.gov,Chadd,Housegoe
eillwellcs@gizmodo.com,Edy,Illwell
tbloisct@123-reg.co.uk,Thornie,Blois
ctrumpcu@furl.net,Caro,Trump
vbirdwhistlecv@phpbb.com,Vinnie,Birdwhistle
dlivoircw@fda.gov,Donica,Livoir
fstalleycx@who.int,Fayre,Stalley
kstratzcy@last.fm,Katerine,Stratz
fdumbletoncz@fastcompany.com,Florencia,Dumbleton
bfleoted0@privacy.gov.au,Bryn,Fleote
bcuttlerd1@amazon.co.jp,Bryna,Cuttler
fsucklingd2@phoca.cz,Fan,Suckling
lmcardled3@nytimes.com,Lynnea,McArdle
mkeend4@trellian.com,Marilee,Keen
oshirtd5@google.it,Olivia,Shirt
tworsnupd6@ning.com,Tamiko,Worsnup
jcordsd7@wsj.com,Janis,Cords
jlichfieldd8@nasa.gov,Jerrilee,Lichfield
vcicchillod9@house.gov,Valry,Cicchillo
rclintonda@tumblr.com,Rozella,Clinton
ssothebydb@google.it,Shep,Sotheby
aquinndc@fastcompany.com,Ardella,Quinn
gfenixdd@fc2.com,Gibby,Fenix
jkarimde@ebay.co.uk,Jarred,Karim
mricarddf@howstuffworks.com,Michal,Ricard
ttilliardsdg@smugmug.com,Toni,Tilliards
rthickensdh@google.com.au,Rickie,Thickens
msquierdi@usa.gov,Marcelia,Squier
tbilbydj@blog.com,Tadd,Bilby
klododk@spotify.com,Karlotta,Lodo
sbrunndl@w3.org,Shel,Brunn
dnewcomedm@oaic.gov.au,Dennie,Newcome
slindenboimdn@arizona.edu,See,Lindenboim
lkenwelldo@ow.ly,Laurianne,Kenwell
amaccrackandp@godaddy.com,Arlinda,MacCrackan
gtailbydq@infoseek.co.jp,Germana,Tailby
pbechdr@harvard.edu,Penn,Bech
rlivezleyds@imdb.com,Rosemarie,Livezley
noxherddt@is.gd,Nina,Oxherd
shoulaghandu@mozilla.com,Shane,Houlaghan
tstempedv@ebay.co.uk,Tamar,Stempe
oduchartdw@va.gov,Oralla,Duchart
lanstissdx@mapy.cz,Leonie,Anstiss
batkirkdy@imgur.com,Beulah,Atkirk
rislipdz@wiley.com,Ron,Islip
ocrandone0@npr.org,Odelia,Crandon
ghandslipe1@who.int,Griffith,Handslip
wdarrele2@chicagotribune.com,Wit,Darrel
efullee3@digg.com,Elwira,Fulle
kleavolde4@chronoengine.com,Karon,Leavold
rmilkehame5@flickr.com,Reuven,Milkeham
tbatteye6@sciencedaily.com,Tucky,Battey
abaversore7@issuu.com,Alvie,Baversor
gsilmone8@cam.ac.uk,Gonzales,Silmon
kcappere9@issuu.com,Kingston,Capper
sremmersea@tmall.com,Sophi,Remmers
kturkeb@seattletimes.com,Kermit,Turk
asmolanec@latimes.com,Aldon,Smolan
lbrodwayed@networksolutions.com,Livy,Brodway
jodreainee@sogou.com,Jeremiah,O'Dreain
ecamfieldef@addtoany.com,Ephrem,Camfield
mboydeg@illinois.edu,Mariel,Boyd
scumberbatcheh@de.vu,Sherye,Cumberbatch
akohnemannei@springer.com,Agnesse,Kohnemann
sphilpottej@cbslocal.com,Shina,Philpott
apiddlesdenek@eventbrite.com,Alric,Piddlesden
alillicrapel@histats.com,Ancell,Lillicrap
vbulfoyem@tinyurl.com,Verene,Bulfoy
pfressonen@google.co.uk,Patrice,Fresson
dzukereo@hostgator.com,Douglas,Zuker
ifollowsep@fc2.com,Inge,Follows
aconcannoneq@paypal.com,Alexandra,Concannon
hharowerer@sphinn.com,Hatty,Harower
rshrievees@tuttocitta.it,Rosina,Shrieve
yshevlanet@a8.net,Yanaton,Shevlan
afarrelleu@sogou.com,Adrea,Farrell
bliasev@illinois.edu,Bastien,Lias
tpendletonew@merriam-webster.com,Tracie,Pendleton
wchurcherex@moonfruit.com,Wang,Churcher
rhastedey@webs.com,Reid,Hasted
vliddyez@naver.com,Vivi,Liddy
mduminif0@narod.ru,Marrilee,Dumini
bsurgenf1@elpais.com,Benedict,Surgen
tdanevf2@amazonaws.com,Tammy,Danev
bembyf3@icq.com,Bartel,Emby
ssandwithf4@pinterest.com,Shelli,Sandwith
llukesf5@hp.com,Lorelle,Lukes
pokynsillaghef6@digg.com,Prue,O'Kynsillaghe
nquantrillf7@linkedin.com,Nerta,Quantrill
tgrabbf8@prnewswire.com,Taite,Grabb
ewaylettf9@dropbox.com,Emmery,Waylett
dshillitoefa@dion.ne.jp,Dulcia,Shillitoe
clindeboomfb@usda.gov,Celestia,Lindeboom
lwranglefc@aol.com,Linnell,Wrangle
zcanbyfd@businessweek.com,Zorana,Canby
tcopofe@state.gov,Therese,Copo
jgirschff@typepad.com,Johanna,Girsch
iaggiofg@indiegogo.com,Ingaberg,Aggio
ikinchingtonfh@barnesandnoble.com,Ingrim,Kinchington
nobruenfi@blinklist.com,Nelli,O'Bruen
fschottlifj@wsj.com,Flossi,Schottli
kfarishfk@nasa.gov,Kore,Farish
ebenedictefl@people.com.cn,Elias,Benedicte
jbutlandfm@ca.gov,Jerri,Butland
lnollifn@mac.com,Lewes,Nolli
mbewickfo@storify.com,Mirabelle,Bewick
erorkefp@cafepress.com,Emelita,Rorke
abrommagefq@hexun.com,Amii,Brommage
mbasezzifr@berkeley.edu,Morten,Basezzi
bwaterhousfs@blog.com,Barbe,Waterhous
dmachanft@unesco.org,Domenic,Machan
mstangoefu@cbsnews.com,Myrvyn,Stangoe
pmacklamfv@mail.ru,Pet,Macklam
gcackettfw@reddit.com,Giorgia,Cackett
dtessierfx@ucsd.edu,Dacey,Tessier
jvanderbekenfy@slashdot.org,Jeralee,Van der Beken
charesignfz@hugedomains.com,Cloe,Haresign
rcoolingg0@redcross.org,Reilly,Cooling
rleekeg1@live.com,Rodolph,Leeke
dallwellg2@census.gov,Dean,Allwell
cbilsong3@gnu.org,Charlton,Bilson
cmessierg4@theglobeandmail.com,Celisse,Messier
civattsg5@latimes.com,Cullen,Ivatts
dinstockg6@instagram.com,Dorita,Instock
nmozzinig7@loc.gov,Nathanael,Mozzini
ddelguag8@twitpic.com,Dodie,Delgua
elarvorg9@netscape.com,Eleen,Larvor
rargontga@nymag.com,Richard,Argont
gbutterisgb@foxnews.com,Gaile,Butteris
awaddilovegc@salon.com,Allayne,Waddilove
stuthergd@cnet.com,Susan,Tuther
esemange@nydailynews.com,Emmye,Seman
modyvoiegf@cbc.ca,Merline,O'Dyvoie
whowsongg@vkontakte.ru,Wells,Howson
hcandelingh@drupal.org,Hannis,Candelin
bkupiszgi@fc2.com,Biron,Kupisz
rbunninggj@ox.ac.uk,Rhody,Bunning
zwenbangk@archive.org,Zaccaria,Wenban
trichingl@kickstarter.com,Trstram,Richin
qdawgm@reverbnation.com,Quintina,Daw
krosencrantzgn@europa.eu,Kassia,Rosencrantz
csemirasgo@digg.com,Carol-jean,Semiras
sromaingp@simplemachines.org,Scarlet,Romain
tlodemanngq@scribd.com,Teddi,Lodemann
slabramgr@livejournal.com,Sascha,Labram
kfolligs@networksolutions.com,Karyn,Folli
tlorainegt@answers.com,Talia,Loraine
aamorgu@woothemes.com,Abigael,Amor
mleabeatergv@shop-pro.jp,Murvyn,Leabeater
wyukhninigw@flavors.me,Ware,Yukhnini
dcanagx@nsw.gov.au,Darwin,Cana
lgrigoregy@tiny.cc,Lanae,Grigore
hsnalomgz@cnbc.com,Hannis,Snalom
jpreonh0@indiatimes.com,Joyce,Preon
rfulkh1@irs.gov,Roxine,Fulk
tquinnellyh2@walmart.com,Travers,Quinnelly
pmarvalh3@rambler.ru,Patsy,Marval
epackingtonh4@gnu.org,Etienne,Packington
esiveterh5@newyorker.com,Ernest,Siveter
ekalinskyh6@desdev.cn,Elvera,Kalinsky
sguerrazzih7@myspace.com,Stephine,Guerrazzi
mgorrickh8@51.la,Mathilde,Gorrick
cdarkinsh9@wp.com,Claudina,Darkins
abrindleyha@soundcloud.com,Anjanette,Brindley
bsummerfieldhb@wordpress.com,Bryant,Summerfield
mtrengrovehc@squarespace.com,Mame,Trengrove
bheenanhd@addthis.com,Buffy,Heenan
gbartozzihe@wired.com,Garret,Bartozzi
toxleehf@jimdo.com,Tate,Oxlee
ekirrenshg@prweb.com,Ema,Kirrens
mbushrodhh@last.fm,Marinna,Bushrod
lmusellihi@bizjournals.com,Lynda,Muselli
kbarbrickhj@bbc.co.uk,Kate,Barbrick
tcrinsonhk@ocn.ne.jp,Toiboid,Crinson
ohissiehl@webnode.com,Otis,Hissie
epenquethm@livejournal.com,Emilio,Penquet
htrembletthn@imgur.com,Hollie,Tremblett
bspenleyho@imgur.com,Brose,Spenley
bbergeauhp@spiegel.de,Brunhilda,Bergeau
fsidlowhq@discuz.net,Friedrick,Sidlow
lgoulbornehr@tmall.com,Lane,Goulborne
sarrighihs@infoseek.co.jp,Sherri,Arrighi
tmatschossht@amazon.co.uk,Terrell,Matschoss
mdelahuntyhu@noaa.gov,Martguerita,Delahunty
vlabbezhv@jigsy.com,Valeda,Labbez
amoreinghw@livejournal.com,Aura,Moreing
thartillhx@npr.org,Tammy,Hartill
hawmackhy@ox.ac.uk,Huey,Awmack
mperronehz@stumbleupon.com,Melba,Perrone
ipiscoi0@g.co,Ivor,Pisco
tnorcocki1@umich.edu,Taber,Norcock
criccioi2@blogtalkradio.com,Carolyn,Riccio
cjovici3@networkadvertising.org,Cory,Jovic
sjeppsi4@sciencedaily.com,Scotti,Jepps
mhambricki5@businessweek.com,Marcille,Hambrick
gchristiani6@sogou.com,Gerrie,Christian
tlaskeyi7@delicious.com,Thedric,Laskey
cyeomani8@ow.ly,Carmencita,Yeoman
mhallgarthi9@ihg.com,Murial,Hallgarth
ddawia@yolasite.com,Darcey,Daw
gcornillotib@hexun.com,Geri,Cornillot
nprobinic@oakley.com,Nicolette,Probin
gberryannid@archive.org,Giacomo,Berryann
lbiddlestonie@google.fr,Lin,Biddleston
ggustusif@cyberchimps.com,Giuseppe,Gustus
kfitzgeorgeig@elegantthemes.com,Kory,FitzGeorge
jantukih@a8.net,Justinn,Antuk
vdesmondii@mozilla.org,Victor,Desmond
rwhanstallij@cbc.ca,Rodd,Whanstall
mhiggoeik@dailymotion.com,Merrel,Higgoe
mseywoodil@cbsnews.com,Michaeline,Seywood
mringhamim@alexa.com,Meara,Ringham
dplluin@opera.com,Dorise,Pllu
xdaunterio@discuz.net,Xylia,Daunter
lsinclarip@wikipedia.org,Lauri,Sinclar
ablincoeiq@apache.org,Audrye,Blincoe
mwilcherir@fotki.com,Madeleine,Wilcher
afairbeardis@live.com,Annabela,Fairbeard
ecatletteit@bandcamp.com,Emmalynn,Catlette
dkayneiu@dropbox.com,Danyette,Kayne
dcosteiv@acquirethisname.com,Den,Coste
lseelyiw@nps.gov,Lock,Seely
bveareix@shareasale.com,Brett,Veare
ddemicoliiy@github.io,Desdemona,De Micoli
myeskiniz@mysql.com,Marten,Yeskin
kbrinsdenj0@live.com,Kissiah,Brinsden
eocannovanej1@harvard.edu,Emiline,O'Cannovane
lguiuj2@dion.ne.jp,Linnet,Guiu
pjirasekj3@homestead.com,Philippe,Jirasek
craimanj4@un.org,Carlita,Raiman
ybellchamberj5@icio.us,Yardley,Bellchamber
jnunanj6@pen.io,Jeannine,Nunan
sgoshawkej7@goodreads.com,Sherwynd,Goshawke
hnisiusj8@wix.com,Hobie,Nisius
itrobridgej9@businessweek.com,Isak,Trobridge
gcelizja@creativecommons.org,Gwyneth,Celiz
lbairdjb@examiner.com,Louise,Baird
seadesjc@odnoklassniki.ru,Sandor,Eades
icaslanejd@tmall.com,Isabella,Caslane
lhuitsonje@is.gd,Lewie,Huitson
cmilesjf@soup.io,Culver,Miles
jwreyjg@jimdo.com,Joela,Wrey
lflanaghanjh@nationalgeographic.com,Lucky,Flanaghan
lpendredji@state.gov,Lynne,Pendred
gclaybornjj@constantcontact.com,Gwyn,Clayborn
mhaburnejk@dedecms.com,Minda,Haburne
rplevinjl@boston.com,Rosella,Plevin
tsimmonjm@rakuten.co.jp,Tildi,Simmon
aminerdojn@unicef.org,Abbe,Minerdo
svollethjo@over-blog.com,Sophi,Volleth
leaclejp@china.com.cn,Lorene,Eacle
vdukesjq@lycos.com,Valma,Dukes
jfitzmauricejr@usa.gov,Janeva,Fitzmaurice
cturneuxjs@adobe.com,Clim,Turneux
ssetonjt@irs.gov,Sianna,Seton
bbrownhillju@typepad.com,Bibbye,Brownhill
mtauntonjv@trellian.com,Marena,Taunton.
rlaughtissejw@desdev.cn,Renaud,Laughtisse
lsynnotjx@cam.ac.uk,Luelle,Synnot
sdemetrjy@sakura.ne.jp,Sax,Demetr
jabbsjz@nbcnews.com,Jade,Abbs
jsibillek0@stanford.edu,Jacquelynn,Sibille
dsprowsonk1@imageshack.us,Dalt,Sprowson
vkarlmannk2@sbwire.com,Virgie,Karlmann
tbretlandk3@auda.org.au,Therine,Bretland
bbushek4@wiley.com,Benetta,Bushe
cfarrancek5@devhub.com,Calvin,Farrance
tousbiek6@google.co.uk,Tamqrah,Ousbie
scurnockk7@wikispaces.com,Sheelah,Curnock
wlibrerosk8@com.com,Whitman,Libreros
hholgank9@nytimes.com,Holden,Holgan
bdiaperka@cnn.com,Brigham,Diaper
cgoldakb@de.vu,Christophorus,Golda
dmarquiskc@europa.eu,Dulcie,Marquis
alatuskd@facebook.com,Antonella,Latus
cgoodbairnke@arizona.edu,Celeste,Goodbairn
hdennertkf@tiny.cc,Henrieta,Dennert
pfarreskg@google.it,Paule,Farres
tjanowskikh@mayoclinic.com,Terrance,Janowski
iauduski@examiner.com,Isabelle,Audus
kdecarteretkj@newyorker.com,Kaleena,De Carteret
cmacmychemkk@eepurl.com,Cheryl,MacMychem
amarvelleykl@bigcartel.com,Adolphus,Marvelley
arumsbykm@epa.gov,Anetta,Rumsby
acadwellkn@macromedia.com,Aubrey,Cadwell
klochheadko@auda.org.au,Karole,Lochhead
bmelburykp@cnbc.com,Beatriz,Melbury
ladriaenskq@elegantthemes.com,Lesly,Adriaens
jhaydenkr@cbsnews.com,Jeane,Hayden
amattssonks@symantec.com,Aura,Mattsson
akinninkt@wired.com,Alyssa,Kinnin
sertku@mail.ru,Somerset,Ert
rpagninkv@ted.com,Regine,Pagnin
lratnagekw@yahoo.co.jp,Lonni,Ratnage
kmacksteadkx@last.fm,Kiele,Mackstead
iuridgeky@home.pl,Isadore,Uridge
babramowskykz@pinterest.com,Bryana,Abramowsky
scasswelll0@scientificamerican.com,Sigismond,Casswell
uboolsenl1@hatena.ne.jp,Ulick,Boolsen
dlicciardellol2@pinterest.com,Donall,Licciardello
wkupperl3@tuttocitta.it,Wallace,Kupper
dskirlinl4@fastcompany.com,Dinah,Skirlin
lmitkovl5@feedburner.com,Lawton,Mitkov
grentellll6@cmu.edu,Gregg,Rentelll
cmcgarrityl7@house.gov,Chuck,McGarrity
abwyl8@usnews.com,Allyn,Bwy
ahairl9@creativecommons.org,Allyce,Hair
rmacmickanla@howstuffworks.com,Reidar,MacMickan
ijephsonlb@sfgate.com,Iorgo,Jephson
mricholdlc@java.com,Mel,Richold
kstraughanld@lycos.com,Kingston,Straughan
aholsteinle@list-manage.com,Annalise,Holstein
bwillmentlf@storify.com,Brannon,Willment
fwetherheadlg@kickstarter.com,Fletch,Wetherhead
gbulcroftlh@hhs.gov,Geno,Bulcroft
mbassettli@tuttocitta.it,Mariellen,Bassett
csharphurstlj@nifty.com,Cyrill,Sharphurst
mdransfieldlk@eventbrite.com,Mateo,Dransfield
imcilvorayll@nymag.com,Ileane,McIlvoray
giverylm@nymag.com,Guss,Ivery
pmilsomln@bing.com,Paton,Milsom
fblonfieldlo@nationalgeographic.com,Flin,Blonfield
treinbecklp@taobao.com,Tabatha,Reinbeck
pgurdenlq@sphinn.com,Pincus,Gurden
tivorylr@google.de,Timotheus,Ivory
kbugdallls@sourceforge.net,Kissee,Bugdall
tgallenlt@123-reg.co.uk,Trenton,Gallen
ahugheslu@list-manage.com,Addy,Hughes
mmanginlv@sciencedirect.com,Marrilee,Mangin
upetrielw@xinhuanet.com,Urbain,Petrie
bbertouloumelx@answers.com,Benjamen,Bertouloume
eabsonly@slashdot.org,Edgardo,Abson
bslowleylz@taobao.com,Burk,Slowley
tcrannm0@indiegogo.com,Torrance,Crann
tswatem1@123-reg.co.uk,Tamarra,Swate
aedgcumbem2@bigcartel.com,Anderson,Edgcumbe
smarquissm3@e-recht24.de,Saxon,Marquiss
efalshawm4@clickbank.net,Eachelle,Falshaw
gheffronm5@yahoo.co.jp,Gale,Heffron
rlinggoodm6@dropbox.com,Robbi,Linggood
rreyburnm7@slashdot.org,Renato,Reyburn
lalexandroum8@istockphoto.com,Ludovika,Alexandrou
ccescom9@joomla.org,Cayla,Cesco
rmoughtinma@dedecms.com,Rudiger,Moughtin
sbransbymb@dailymotion.com,Sinclair,Bransby
marchdecknemc@berkeley.edu,Manda,Archdeckne
sdelphmd@vistaprint.com,Spense,Delph
bkinnonme@google.com.hk,Barbi,Kinnon
cskipworthmf@princeton.edu,Chelsie,Skipworth
dbausmannmg@jalbum.net,Dave,Bausmann
gmusgravemh@cocolog-nifty.com,Gaelan,Musgrave
lcordobesmi@posterous.com,Lem,Cordobes
ksargersonmj@noaa.gov,Kaia,Sargerson
rkikkemk@archive.org,Raynard,Kikke
wkinseyml@comcast.net,Wilton,Kinsey
wraigattmm@sitemeter.com,Willamina,Raigatt
hbullcockmn@reddit.com,Hilary,Bullcock
rvarndallmo@yellowbook.com,Rowan,Varndall
rfranceschmp@eventbrite.com,Ronnica,Francesch
dcuradomq@homestead.com,Demetri,Curado
rclewleymr@jigsy.com,Roberto,Clewley
mnellenms@fda.gov,Menard,Nellen
bsnoddenmt@opera.com,Bertrand,Snodden
eheckneymu@fema.gov,Ezri,Heckney
rmacanemv@oracle.com,Ricki,MacAne
tdaviesmw@opensource.org,Tonye,Davies
cdelphmx@springer.com,Cassius,Delph
aeadsmy@imdb.com,Ardith,Eads
ohulkemz@state.gov,Orbadiah,Hulke
rkolyaginn0@theglobeandmail.com,Rock,Kolyagin
lshiebern1@ocn.ne.jp,Lissy,Shieber
gdrewettn2@examiner.com,Gian,Drewett
dhurnelln3@msn.com,Dewitt,Hurnell
cdoogn4@goo.gl,Chrissy,Doog
voruddenn5@theguardian.com,Valaria,O'Rudden
ngrafhamn6@telegraph.co.uk,Niall,Grafham
kbartlomieczakn7@ucsd.edu,Katya,Bartlomieczak
lbaretten8@cmu.edu,Laurice,Barette
aalentyevn9@tripod.com,Alex,Alentyev
lkeherna@purevolume.com,Louise,Keher
hrobjantnb@toplist.cz,Helyn,Robjant
sskinnnc@github.io,Sterne,Skinn
mworsallsnd@stumbleupon.com,Maible,Worsalls
lgoddertsfne@macromedia.com,La verne,Goddert.sf
hcaisleynf@indiegogo.com,Hamish,Caisley
gbenfordng@scribd.com,Gerrie,Benford
gyitzovicznh@nih.gov,Giselle,Yitzovicz
ryersinni@amazonaws.com,Rafi,Yersin
brozanskinj@tinypic.com,Bordy,Rozanski
bmattessennk@blogspot.com,Barnabe,Mattessen
mkellardnl@sfgate.com,Magdalena,Kellard
aslattennm@wix.com,Alis,Slatten
adainternn@examiner.com,Ardisj,Dainter
jdaskiewiczno@canalblog.com,Jarvis,Daskiewicz
irichemontnp@mac.com,Inglebert,Richemont
fgoldupnq@sphinn.com,Florian,Goldup
emerrgannr@histats.com,Eugenie,Merrgan
crosenns@php.net,Cairistiona,Rosen
gloffheadnt@mapquest.com,Guy,Loffhead
tkrooknu@wikispaces.com,Tabbie,Krook
rdickonnv@lulu.com,Retha,Dickon
astirgessnw@google.de,Aurelia,Stirgess
lgadaultnx@jalbum.net,Leontine,Gadault
dbirdwhistleny@mail.ru,Danice,Birdwhistle
textallnz@vk.com,Trevar,Extall
sheiningo0@sfgate.com,Sissie,Heining
iatkirko1@house.gov,Isidor,Atkirk
lchasemoreo2@multiply.com,Lilli,Chasemore
ktubbso3@surveymonkey.com,Karlen,Tubbs
sfomichyovo4@mediafire.com,Sylvester,Fomichyov
astarrso5@technorati.com,Alla,Starrs
mdamrello6@plala.or.jp,Marv,Damrell
cmcsparrano7@salon.com,Cob,McSparran
rsteablero8@netscape.com,Rinaldo,Steabler
kdawneyo9@howstuffworks.com,Katha,Dawney
ebannisteroa@virginia.edu,Emile,Bannister
mvanesob@odnoklassniki.ru,Morry,Vanes
dmckinlessoc@pcworld.com,Don,McKinless
plathanod@slideshare.net,Pascale,Lathan
mthroweroe@1688.com,Melloney,Thrower
shamblynof@ted.com,Stefanie,Hamblyn
fhillyattog@drupal.org,Faith,Hillyatt
gpontingoh@cdbaby.com,Gwenneth,Ponting
sraigattoi@so-net.ne.jp,Stephen,Raigatt
sstapelsoj@alibaba.com,Sherri,Stapels
oensorok@yolasite.com,Ode,Ensor
nsaltwellol@time.com,Nettie,Saltwell
nsatyfordom@merriam-webster.com,Nancy,Satyford
hgladwishon@facebook.com,Harli,Gladwish
imcgonigleoo@example.com,Isadore,McGonigle
sadameop@flavors.me,Susan,Adame
dpenyltonoq@china.com.cn,Dinny,Penylton
cwimletor@canalblog.com,Cully,Wimlet
gbellyos@yelp.com,Godart,Belly
usausmanot@scribd.com,Ulberto,Sausman
wbangou@1688.com,Willabella,Bang
lakastov@netlog.com,Lorraine,Akast
pgerauldow@whitehouse.gov,Perry,Gerauld
hdillistoneox@gov.uk,Hilario,Dillistone
cjuoriooy@latimes.com,Clayton,Juorio
hiskovoz@soup.io,Hedda,Iskov
ldrewsp0@cdc.gov,Lars,Drews
fsapsedp1@ocn.ne.jp,Frances,Sapsed
hharmstonep2@wikipedia.org,Hewet,Harmstone
omattiellip3@wordpress.com,Olympe,Mattielli
jvittelp4@paginegialle.it,Jocko,Vittel
aplomp5@cyberchimps.com,Araldo,Plom
chubbocksp6@upenn.edu,Claudelle,Hubbocks
kpepperrallp7@ovh.net,Kym,Pepperrall
bkabschp8@bluehost.com,Bel,Kabsch
rpenrethp9@patch.com,Ram,Penreth
jlouwpa@bbc.co.uk,Jemie,Louw
hhackingepb@gov.uk,Hamlen,Hackinge
bpavlovpc@ezinearticles.com,Bernie,Pavlov
lcarlesipd@statcounter.com,Lester,Carlesi
bmilesoppe@godaddy.com,Barrie,Milesop
atreadwellpf@hexun.com,Ashley,Treadwell
aprobettspg@nasa.gov,Alix,Probetts
tlearmonthph@nifty.com,Tedd,Learmonth
lcattenachpi@wikipedia.org,Liam,Cattenach
radamsonpj@indiatimes.com,Randell,Adamson
jmottinellipk@samsung.com,Jarrod,Mottinelli
bbrandsmapl@opera.com,Berty,Brandsma
tmanuelypm@nbcnews.com,Torrie,Manuely
jdulenpn@bbc.co.uk,Jory,Dulen
mlethlaypo@cocolog-nifty.com,Mia,Lethlay
aroomepp@archive.org,Annie,Roome
hsoutherspq@hostgator.com,Hanni,Southers
yrawsthornepr@dailymail.co.uk,Yasmin,Rawsthorne
elabbezps@census.gov,Even,Labbez
aanthonpt@nature.com,Ali,Anthon
kgolledgepu@deviantart.com,Kevyn,Golledge
smackneispv@nyu.edu,Stern,Mackneis
coldroydepw@ezinearticles.com,Claudette,Oldroyde
dmcclancypx@joomla.org,Dyanne,McClancy
mnorcockpy@washington.edu,Mirabella,Norcock
clawlingspz@mtv.com,Cilka,Lawlings
oeversq0@marketwatch.com,Orsola,Evers
ctomalinq1@nyu.edu,Cyndi,Tomalin
mtarnq2@mozilla.org,Michaeline,Tarn
uhayfieldq3@live.com,Ugo,Hayfield
mreuterq4@chronoengine.com,Michaelina,Reuter
nkleinsternq5@mapquest.com,Neddie,Kleinstern
sbootellq6@liveinternet.ru,Sibel,Bootell
vtowerseyq7@rakuten.co.jp,Valli,Towersey
tclemenzoq8@trellian.com,Tybie,Clemenzo
vhendriksq9@jiathis.com,Valina,Hendriks
tgorwoodqa@biglobe.ne.jp,Thebault,Gorwood
vquaintanceqb@gov.uk,Vivi,Quaintance
afrangioneqc@nasa.gov,Astrid,Frangione
gdenerleyqd@list-manage.com,Garey,Denerley
tbelchemqe@shop-pro.jp,Tamarah,Belchem
dholberryqf@vk.com,Dix,Holberry
dcleifeqg@mapy.cz,Davide,Cleife
hyannikovqh@wikispaces.com,Hyacinthia,Yannikov
bthompsonqi@chron.com,Bobina,Thompson
mbortolazziqj@studiopress.com,Max,Bortolazzi
ihumburtonqk@omniture.com,Irvin,Humburton
nelflainql@constantcontact.com,Nelli,Elflain
hsollasqm@a8.net,Hester,Sollas
drosenbushqn@sphinn.com,Dayna,Rosenbush
dfaierqo@1688.com,Drucill,Faier
swhellansqp@nsw.gov.au,Sheff,Whellans
tfinessyqq@bravesites.com,Tore,Finessy
nmanvilleqr@instagram.com,Noel,Manville
keassomqs@nature.com,Karmen,Eassom
chelisqt@mozilla.com,Colet,Helis
odrancequ@nydailynews.com,Octavia,Drance
aguillotonqv@yolasite.com,Arte,Guilloton
slovettqw@yolasite.com,Seymour,Lovett
zhaggettqx@tuttocitta.it,Zara,Haggett
mberraneqy@upenn.edu,Marcia,Berrane
pgermanqz@deliciousdays.com,Prentice,German
rsparhawkr0@bloglines.com,Robinson,Sparhawk
dleamyr1@nytimes.com,Donal,Leamy
aasplinr2@patch.com,Alfie,Asplin
hpllur3@bandcamp.com,Heather,Pllu
rcollimorer4@cnbc.com,Rebecca,Collimore
dnaryr5@jimdo.com,Dwain,Nary
ashalloer6@cargocollective.com,Andy,Shalloe
ahalfhider7@hibu.com,Arnie,Halfhide
wmurrayr8@latimes.com,Woodrow,Murray
jaycer9@java.com,Jethro,Ayce
sfruenra@cafepress.com,Sybyl,Fruen
nrabidgerb@unblog.fr,Noelyn,Rabidge
sluchettirc@com.com,Sandye,Luchetti
amccromleyrd@tripod.com,Amelie,McCromley
fdonnanre@adobe.com,Franky,Donnan
hfelixrf@sourceforge.net,Hoebart,Felix
bbarbischrg@ebay.co.uk,Boycey,Barbisch
nfolcarh@photobucket.com,Ned,Folca
vpeddoweri@umich.edu,Virgie,Peddowe
rrebertrj@amazon.com,Russell,Rebert
kfrainerk@pcworld.com,Kerry,Fraine
jdythamrl@cdbaby.com,Jobi,Dytham
ringreerm@fotki.com,Roberto,Ingree
smatthiesonrn@desdev.cn,Sherilyn,Matthieson
dfryersro@reddit.com,Daloris,Fryers
kwrassellrp@noaa.gov,Katlin,Wrassell
abeerrq@myspace.com,Artemis,Beer
lmadginrr@github.com,Lyman,Madgin
